Image,Mask
E:\MedicalData\kagglechallenge\pneumonia_detection_2018\segmentation/Image/0022073f-cec8-42ec-ab5f-bc2314649235.jpg,E:\MedicalData\kagglechallenge\pneumonia_detection_2018\segmentation/Mask/0022073f-cec8-42ec-ab5f-bc2314649235.jpg
E:\MedicalData\kagglechallenge\pneumonia_detection_2018\segmentation/Image/00a05408-8291-4231-886e-13763e103161.jpg,E:\MedicalData\kagglechallenge\pneumonia_detection_2018\segmentation/Mask/00a05408-8291-4231-886e-13763e103161.jpg
E:\MedicalData\kagglechallenge\pneumonia_detection_2018\segmentation/Image/01f3abc2-33c7-4ea2-a599-dc49b76fcfae.jpg,E:\MedicalData\kagglechallenge\pneumonia_detection_2018\segmentation/Mask/01f3abc2-33c7-4ea2-a599-dc49b76fcfae.jpg
E:\MedicalData\kagglechallenge\pneumonia_detection_2018\segmentation/Image/03249840-0a17-448c-bf41-7e156428ab59.jpg,E:\MedicalData\kagglechallenge\pneumonia_detection_2018\segmentation/Mask/03249840-0a17-448c-bf41-7e156428ab59.jpg
E:\MedicalData\kagglechallenge\pneumonia_detection_2018\segmentation/Image/04ce0574-5d18-4661-973f-7bfbb0707a1c.jpg,E:\MedicalData\kagglechallenge\pneumonia_detection_2018\segmentation/Mask/04ce0574-5d18-4661-973f-7bfbb0707a1c.jpg
E:\MedicalData\kagglechallenge\pneumonia_detection_2018\segmentation/Image/04d59a79-e659-49ca-8790-511f89ac3e1b.jpg,E:\MedicalData\kagglechallenge\pneumonia_detection_2018\segmentation/Mask/04d59a79-e659-49ca-8790-511f89ac3e1b.jpg
E:\MedicalData\kagglechallenge\pneumonia_detection_2018\segmentation/Image/06cc9b59-b8ff-4a6b-9e5b-f127c7c1208d.jpg,E:\MedicalData\kagglechallenge\pneumonia_detection_2018\segmentation/Mask/06cc9b59-b8ff-4a6b-9e5b-f127c7c1208d.jpg
E:\MedicalData\kagglechallenge\pneumonia_detection_2018\segmentation/Image/06e09ebb-cb5b-4c30-8d3a-67a6ec34692b.jpg,E:\MedicalData\kagglechallenge\pneumonia_detection_2018\segmentation/Mask/06e09ebb-cb5b-4c30-8d3a-67a6ec34692b.jpg
E:\MedicalData\kagglechallenge\pneumonia_detection_2018\segmentation/Image/0a9fd225-a33a-47de-849e-156933b21296.jpg,E:\MedicalData\kagglechallenge\pneumonia_detection_2018\segmentation/Mask/0a9fd225-a33a-47de-849e-156933b21296.jpg
E:\MedicalData\kagglechallenge\pneumonia_detection_2018\segmentation/Image/0b323a31-28e6-45b2-a07c-cc9b60571053.jpg,E:\MedicalData\kagglechallenge\pneumonia_detection_2018\segmentation/Mask/0b323a31-28e6-45b2-a07c-cc9b60571053.jpg
E:\MedicalData\kagglechallenge\pneumonia_detection_2018\segmentation/Image/0bc7f47a-ecea-4b66-811e-096004721a63.jpg,E:\MedicalData\kagglechallenge\pneumonia_detection_2018\segmentation/Mask/0bc7f47a-ecea-4b66-811e-096004721a63.jpg
E:\MedicalData\kagglechallenge\pneumonia_detection_2018\segmentation/Image/0c4c0dd9-1685-48c3-a09e-817816695016.jpg,E:\MedicalData\kagglechallenge\pneumonia_detection_2018\segmentation/Mask/0c4c0dd9-1685-48c3-a09e-817816695016.jpg
E:\MedicalData\kagglechallenge\pneumonia_detection_2018\segmentation/Image/0ca8314a-88e7-4661-b5fd-3bdee5fc2616.jpg,E:\MedicalData\kagglechallenge\pneumonia_detection_2018\segmentation/Mask/0ca8314a-88e7-4661-b5fd-3bdee5fc2616.jpg
E:\MedicalData\kagglechallenge\pneumonia_detection_2018\segmentation/Image/0cbf3284-5b78-4e23-bffd-e546f7e76da9.jpg,E:\MedicalData\kagglechallenge\pneumonia_detection_2018\segmentation/Mask/0cbf3284-5b78-4e23-bffd-e546f7e76da9.jpg
E:\MedicalData\kagglechallenge\pneumonia_detection_2018\segmentation/Image/0f0a1877-3f44-42f0-8905-2856078ff2ac.jpg,E:\MedicalData\kagglechallenge\pneumonia_detection_2018\segmentation/Mask/0f0a1877-3f44-42f0-8905-2856078ff2ac.jpg
E:\MedicalData\kagglechallenge\pneumonia_detection_2018\segmentation/Image/1015e103-bda6-4664-978d-f761cd2982cb.jpg,E:\MedicalData\kagglechallenge\pneumonia_detection_2018\segmentation/Mask/1015e103-bda6-4664-978d-f761cd2982cb.jpg
E:\MedicalData\kagglechallenge\pneumonia_detection_2018\segmentation/Image/107f84d9-65b3-4a11-9c8d-921a5bed5b2f.jpg,E:\MedicalData\kagglechallenge\pneumonia_detection_2018\segmentation/Mask/107f84d9-65b3-4a11-9c8d-921a5bed5b2f.jpg
E:\MedicalData\kagglechallenge\pneumonia_detection_2018\segmentation/Image/11a41e42-fdb4-4216-9e04-d4914fe2186e.jpg,E:\MedicalData\kagglechallenge\pneumonia_detection_2018\segmentation/Mask/11a41e42-fdb4-4216-9e04-d4914fe2186e.jpg
E:\MedicalData\kagglechallenge\pneumonia_detection_2018\segmentation/Image/11e0e617-cc49-478e-bcba-209866654fde.jpg,E:\MedicalData\kagglechallenge\pneumonia_detection_2018\segmentation/Mask/11e0e617-cc49-478e-bcba-209866654fde.jpg
E:\MedicalData\kagglechallenge\pneumonia_detection_2018\segmentation/Image/14b2868e-e0fc-40f2-a54e-609bf24da493.jpg,E:\MedicalData\kagglechallenge\pneumonia_detection_2018\segmentation/Mask/14b2868e-e0fc-40f2-a54e-609bf24da493.jpg
E:\MedicalData\kagglechallenge\pneumonia_detection_2018\segmentation/Image/1555f6ac-0266-4120-b948-697809f139a1.jpg,E:\MedicalData\kagglechallenge\pneumonia_detection_2018\segmentation/Mask/1555f6ac-0266-4120-b948-697809f139a1.jpg
E:\MedicalData\kagglechallenge\pneumonia_detection_2018\segmentation/Image/15697b54-5aa8-413f-8bc0-12d790340fff.jpg,E:\MedicalData\kagglechallenge\pneumonia_detection_2018\segmentation/Mask/15697b54-5aa8-413f-8bc0-12d790340fff.jpg
E:\MedicalData\kagglechallenge\pneumonia_detection_2018\segmentation/Image/16eaa539-922b-41c1-95e4-afc569bf818f.jpg,E:\MedicalData\kagglechallenge\pneumonia_detection_2018\segmentation/Mask/16eaa539-922b-41c1-95e4-afc569bf818f.jpg
E:\MedicalData\kagglechallenge\pneumonia_detection_2018\segmentation/Image/17477206-a644-49de-83a8-b32d5ba9ba5b.jpg,E:\MedicalData\kagglechallenge\pneumonia_detection_2018\segmentation/Mask/17477206-a644-49de-83a8-b32d5ba9ba5b.jpg
E:\MedicalData\kagglechallenge\pneumonia_detection_2018\segmentation/Image/1794b7b4-de8c-479a-bfa7-2ab868c3061b.jpg,E:\MedicalData\kagglechallenge\pneumonia_detection_2018\segmentation/Mask/1794b7b4-de8c-479a-bfa7-2ab868c3061b.jpg
E:\MedicalData\kagglechallenge\pneumonia_detection_2018\segmentation/Image/17e0f44b-39d6-4e3f-abd0-066fd94ee6de.jpg,E:\MedicalData\kagglechallenge\pneumonia_detection_2018\segmentation/Mask/17e0f44b-39d6-4e3f-abd0-066fd94ee6de.jpg
E:\MedicalData\kagglechallenge\pneumonia_detection_2018\segmentation/Image/17e95c76-ae2f-4ad9-b713-08b617d3c9bd.jpg,E:\MedicalData\kagglechallenge\pneumonia_detection_2018\segmentation/Mask/17e95c76-ae2f-4ad9-b713-08b617d3c9bd.jpg
E:\MedicalData\kagglechallenge\pneumonia_detection_2018\segmentation/Image/192f8bc4-1d12-4b3e-84a6-d94f77928faf.jpg,E:\MedicalData\kagglechallenge\pneumonia_detection_2018\segmentation/Mask/192f8bc4-1d12-4b3e-84a6-d94f77928faf.jpg
E:\MedicalData\kagglechallenge\pneumonia_detection_2018\segmentation/Image/193ebe3c-905d-4ee0-87c0-b72999547d3b.jpg,E:\MedicalData\kagglechallenge\pneumonia_detection_2018\segmentation/Mask/193ebe3c-905d-4ee0-87c0-b72999547d3b.jpg
E:\MedicalData\kagglechallenge\pneumonia_detection_2018\segmentation/Image/1b57f09b-5884-48b6-b7b5-2b3a323280b7.jpg,E:\MedicalData\kagglechallenge\pneumonia_detection_2018\segmentation/Mask/1b57f09b-5884-48b6-b7b5-2b3a323280b7.jpg
E:\MedicalData\kagglechallenge\pneumonia_detection_2018\segmentation/Image/1c184066-163f-4941-9794-43e8ca7fe77b.jpg,E:\MedicalData\kagglechallenge\pneumonia_detection_2018\segmentation/Mask/1c184066-163f-4941-9794-43e8ca7fe77b.jpg
E:\MedicalData\kagglechallenge\pneumonia_detection_2018\segmentation/Image/1c7c7be7-497e-4751-89e4-09d4209a8e2a.jpg,E:\MedicalData\kagglechallenge\pneumonia_detection_2018\segmentation/Mask/1c7c7be7-497e-4751-89e4-09d4209a8e2a.jpg
E:\MedicalData\kagglechallenge\pneumonia_detection_2018\segmentation/Image/1f447431-e2b3-4d18-8c22-30684ab71ffb.jpg,E:\MedicalData\kagglechallenge\pneumonia_detection_2018\segmentation/Mask/1f447431-e2b3-4d18-8c22-30684ab71ffb.jpg
E:\MedicalData\kagglechallenge\pneumonia_detection_2018\segmentation/Image/23ab8dcb-0331-42b0-8058-45676e48675e.jpg,E:\MedicalData\kagglechallenge\pneumonia_detection_2018\segmentation/Mask/23ab8dcb-0331-42b0-8058-45676e48675e.jpg
E:\MedicalData\kagglechallenge\pneumonia_detection_2018\segmentation/Image/29bc3aa5-938c-4afe-8a7b-50ebd2cb5621.jpg,E:\MedicalData\kagglechallenge\pneumonia_detection_2018\segmentation/Mask/29bc3aa5-938c-4afe-8a7b-50ebd2cb5621.jpg
E:\MedicalData\kagglechallenge\pneumonia_detection_2018\segmentation/Image/29cfef18-40c3-489f-adcf-05bd93765b9d.jpg,E:\MedicalData\kagglechallenge\pneumonia_detection_2018\segmentation/Mask/29cfef18-40c3-489f-adcf-05bd93765b9d.jpg
E:\MedicalData\kagglechallenge\pneumonia_detection_2018\segmentation/Image/2f873371-c1a7-4c07-9470-3bbcc201832d.jpg,E:\MedicalData\kagglechallenge\pneumonia_detection_2018\segmentation/Mask/2f873371-c1a7-4c07-9470-3bbcc201832d.jpg
E:\MedicalData\kagglechallenge\pneumonia_detection_2018\segmentation/Image/3011a504-67f0-4bda-b774-46cb7c38b839.jpg,E:\MedicalData\kagglechallenge\pneumonia_detection_2018\segmentation/Mask/3011a504-67f0-4bda-b774-46cb7c38b839.jpg
E:\MedicalData\kagglechallenge\pneumonia_detection_2018\segmentation/Image/3038262f-ca56-436a-bdfe-7a547026fcb0.jpg,E:\MedicalData\kagglechallenge\pneumonia_detection_2018\segmentation/Mask/3038262f-ca56-436a-bdfe-7a547026fcb0.jpg
E:\MedicalData\kagglechallenge\pneumonia_detection_2018\segmentation/Image/311a559e-bed5-478a-94f5-c1bcf1df939a.jpg,E:\MedicalData\kagglechallenge\pneumonia_detection_2018\segmentation/Mask/311a559e-bed5-478a-94f5-c1bcf1df939a.jpg
E:\MedicalData\kagglechallenge\pneumonia_detection_2018\segmentation/Image/31428408-0d97-4ff5-b387-8d1c95cf5a0d.jpg,E:\MedicalData\kagglechallenge\pneumonia_detection_2018\segmentation/Mask/31428408-0d97-4ff5-b387-8d1c95cf5a0d.jpg
E:\MedicalData\kagglechallenge\pneumonia_detection_2018\segmentation/Image/31b33ec5-c46a-462c-a933-36a361673a2b.jpg,E:\MedicalData\kagglechallenge\pneumonia_detection_2018\segmentation/Mask/31b33ec5-c46a-462c-a933-36a361673a2b.jpg
E:\MedicalData\kagglechallenge\pneumonia_detection_2018\segmentation/Image/321b9103-0c96-4719-912d-b9b94e222077.jpg,E:\MedicalData\kagglechallenge\pneumonia_detection_2018\segmentation/Mask/321b9103-0c96-4719-912d-b9b94e222077.jpg
E:\MedicalData\kagglechallenge\pneumonia_detection_2018\segmentation/Image/321cd5e5-6a3d-43a8-a175-e06793dbea00.jpg,E:\MedicalData\kagglechallenge\pneumonia_detection_2018\segmentation/Mask/321cd5e5-6a3d-43a8-a175-e06793dbea00.jpg
E:\MedicalData\kagglechallenge\pneumonia_detection_2018\segmentation/Image/33ab4fe9-ce46-41c0-9074-c7ef83765af7.jpg,E:\MedicalData\kagglechallenge\pneumonia_detection_2018\segmentation/Mask/33ab4fe9-ce46-41c0-9074-c7ef83765af7.jpg
E:\MedicalData\kagglechallenge\pneumonia_detection_2018\segmentation/Image/33f85237-bcad-4dd9-8a03-42d061fd987f.jpg,E:\MedicalData\kagglechallenge\pneumonia_detection_2018\segmentation/Mask/33f85237-bcad-4dd9-8a03-42d061fd987f.jpg
E:\MedicalData\kagglechallenge\pneumonia_detection_2018\segmentation/Image/34aba493-c3b3-49db-a2fa-b65345248969.jpg,E:\MedicalData\kagglechallenge\pneumonia_detection_2018\segmentation/Mask/34aba493-c3b3-49db-a2fa-b65345248969.jpg
E:\MedicalData\kagglechallenge\pneumonia_detection_2018\segmentation/Image/34fbff70-fa6e-4709-ab07-17f739fce394.jpg,E:\MedicalData\kagglechallenge\pneumonia_detection_2018\segmentation/Mask/34fbff70-fa6e-4709-ab07-17f739fce394.jpg
E:\MedicalData\kagglechallenge\pneumonia_detection_2018\segmentation/Image/351fe1bb-2966-43a1-9837-fc9664c05266.jpg,E:\MedicalData\kagglechallenge\pneumonia_detection_2018\segmentation/Mask/351fe1bb-2966-43a1-9837-fc9664c05266.jpg
E:\MedicalData\kagglechallenge\pneumonia_detection_2018\segmentation/Image/35a379c4-1e56-41f7-8a25-a1c2e9b88464.jpg,E:\MedicalData\kagglechallenge\pneumonia_detection_2018\segmentation/Mask/35a379c4-1e56-41f7-8a25-a1c2e9b88464.jpg
E:\MedicalData\kagglechallenge\pneumonia_detection_2018\segmentation/Image/361bdb6b-b414-457f-87dc-bb30e20463d0.jpg,E:\MedicalData\kagglechallenge\pneumonia_detection_2018\segmentation/Mask/361bdb6b-b414-457f-87dc-bb30e20463d0.jpg
E:\MedicalData\kagglechallenge\pneumonia_detection_2018\segmentation/Image/3673cc6c-6c57-4910-ace9-795fe9a4d0c2.jpg,E:\MedicalData\kagglechallenge\pneumonia_detection_2018\segmentation/Mask/3673cc6c-6c57-4910-ace9-795fe9a4d0c2.jpg
E:\MedicalData\kagglechallenge\pneumonia_detection_2018\segmentation/Image/37290d29-2a81-4c9d-aef6-15eea1376e0c.jpg,E:\MedicalData\kagglechallenge\pneumonia_detection_2018\segmentation/Mask/37290d29-2a81-4c9d-aef6-15eea1376e0c.jpg
E:\MedicalData\kagglechallenge\pneumonia_detection_2018\segmentation/Image/376b255a-82a3-4105-a546-36a477bfe8e3.jpg,E:\MedicalData\kagglechallenge\pneumonia_detection_2018\segmentation/Mask/376b255a-82a3-4105-a546-36a477bfe8e3.jpg
E:\MedicalData\kagglechallenge\pneumonia_detection_2018\segmentation/Image/37a3ae61-b059-4972-9e28-c7bc02cd1ada.jpg,E:\MedicalData\kagglechallenge\pneumonia_detection_2018\segmentation/Mask/37a3ae61-b059-4972-9e28-c7bc02cd1ada.jpg
E:\MedicalData\kagglechallenge\pneumonia_detection_2018\segmentation/Image/394e0236-0dbc-47a4-8da7-0e4e5311f690.jpg,E:\MedicalData\kagglechallenge\pneumonia_detection_2018\segmentation/Mask/394e0236-0dbc-47a4-8da7-0e4e5311f690.jpg
E:\MedicalData\kagglechallenge\pneumonia_detection_2018\segmentation/Image/3a0f9e11-0dee-4e81-96e2-9ce8417270ef.jpg,E:\MedicalData\kagglechallenge\pneumonia_detection_2018\segmentation/Mask/3a0f9e11-0dee-4e81-96e2-9ce8417270ef.jpg
E:\MedicalData\kagglechallenge\pneumonia_detection_2018\segmentation/Image/3abb7176-035d-46cc-844e-820870e8154b.jpg,E:\MedicalData\kagglechallenge\pneumonia_detection_2018\segmentation/Mask/3abb7176-035d-46cc-844e-820870e8154b.jpg
E:\MedicalData\kagglechallenge\pneumonia_detection_2018\segmentation/Image/3cec271b-e1db-4485-b3ab-878da8590082.jpg,E:\MedicalData\kagglechallenge\pneumonia_detection_2018\segmentation/Mask/3cec271b-e1db-4485-b3ab-878da8590082.jpg
E:\MedicalData\kagglechallenge\pneumonia_detection_2018\segmentation/Image/3f25e62e-b79f-4cdd-8607-adc010808d4c.jpg,E:\MedicalData\kagglechallenge\pneumonia_detection_2018\segmentation/Mask/3f25e62e-b79f-4cdd-8607-adc010808d4c.jpg
E:\MedicalData\kagglechallenge\pneumonia_detection_2018\segmentation/Image/3fc09255-ac70-4e8b-8507-efde01c9fd45.jpg,E:\MedicalData\kagglechallenge\pneumonia_detection_2018\segmentation/Mask/3fc09255-ac70-4e8b-8507-efde01c9fd45.jpg
E:\MedicalData\kagglechallenge\pneumonia_detection_2018\segmentation/Image/4005e782-c12e-4657-9b29-1707ee6eb08a.jpg,E:\MedicalData\kagglechallenge\pneumonia_detection_2018\segmentation/Mask/4005e782-c12e-4657-9b29-1707ee6eb08a.jpg
E:\MedicalData\kagglechallenge\pneumonia_detection_2018\segmentation/Image/40c31d96-78f1-4d21-984b-db5c143a43e4.jpg,E:\MedicalData\kagglechallenge\pneumonia_detection_2018\segmentation/Mask/40c31d96-78f1-4d21-984b-db5c143a43e4.jpg
E:\MedicalData\kagglechallenge\pneumonia_detection_2018\segmentation/Image/41ec1c4d-4c6d-41be-a305-bb43da76ac27.jpg,E:\MedicalData\kagglechallenge\pneumonia_detection_2018\segmentation/Mask/41ec1c4d-4c6d-41be-a305-bb43da76ac27.jpg
E:\MedicalData\kagglechallenge\pneumonia_detection_2018\segmentation/Image/44b60029-338a-487f-b4a3-7afcaa4f1e41.jpg,E:\MedicalData\kagglechallenge\pneumonia_detection_2018\segmentation/Mask/44b60029-338a-487f-b4a3-7afcaa4f1e41.jpg
E:\MedicalData\kagglechallenge\pneumonia_detection_2018\segmentation/Image/472dac2e-aba2-4119-b9f7-37939e23e0b1.jpg,E:\MedicalData\kagglechallenge\pneumonia_detection_2018\segmentation/Mask/472dac2e-aba2-4119-b9f7-37939e23e0b1.jpg
E:\MedicalData\kagglechallenge\pneumonia_detection_2018\segmentation/Image/474c28ea-3798-48df-b93c-c90472423623.jpg,E:\MedicalData\kagglechallenge\pneumonia_detection_2018\segmentation/Mask/474c28ea-3798-48df-b93c-c90472423623.jpg
E:\MedicalData\kagglechallenge\pneumonia_detection_2018\segmentation/Image/4878535b-ef11-4656-b44c-ed21d223e4d3.jpg,E:\MedicalData\kagglechallenge\pneumonia_detection_2018\segmentation/Mask/4878535b-ef11-4656-b44c-ed21d223e4d3.jpg
E:\MedicalData\kagglechallenge\pneumonia_detection_2018\segmentation/Image/491ff1d8-9dc1-4855-96b0-874870c611e0.jpg,E:\MedicalData\kagglechallenge\pneumonia_detection_2018\segmentation/Mask/491ff1d8-9dc1-4855-96b0-874870c611e0.jpg
E:\MedicalData\kagglechallenge\pneumonia_detection_2018\segmentation/Image/4b85f617-4e30-404c-b9c1-5e9b8776dfba.jpg,E:\MedicalData\kagglechallenge\pneumonia_detection_2018\segmentation/Mask/4b85f617-4e30-404c-b9c1-5e9b8776dfba.jpg
E:\MedicalData\kagglechallenge\pneumonia_detection_2018\segmentation/Image/4e27dfb7-0951-4b29-9851-b28d24f9b9f3.jpg,E:\MedicalData\kagglechallenge\pneumonia_detection_2018\segmentation/Mask/4e27dfb7-0951-4b29-9851-b28d24f9b9f3.jpg
E:\MedicalData\kagglechallenge\pneumonia_detection_2018\segmentation/Image/4edadee3-ed63-4cb8-bced-20db6b38d0cc.jpg,E:\MedicalData\kagglechallenge\pneumonia_detection_2018\segmentation/Mask/4edadee3-ed63-4cb8-bced-20db6b38d0cc.jpg
E:\MedicalData\kagglechallenge\pneumonia_detection_2018\segmentation/Image/553e5581-e9ac-44da-9a81-a95ed7320afd.jpg,E:\MedicalData\kagglechallenge\pneumonia_detection_2018\segmentation/Mask/553e5581-e9ac-44da-9a81-a95ed7320afd.jpg
E:\MedicalData\kagglechallenge\pneumonia_detection_2018\segmentation/Image/56d45b74-a679-4ca1-bc70-822edcf8a015.jpg,E:\MedicalData\kagglechallenge\pneumonia_detection_2018\segmentation/Mask/56d45b74-a679-4ca1-bc70-822edcf8a015.jpg
E:\MedicalData\kagglechallenge\pneumonia_detection_2018\segmentation/Image/56d96f1b-0a2f-40f9-8d6f-dc2744ba04af.jpg,E:\MedicalData\kagglechallenge\pneumonia_detection_2018\segmentation/Mask/56d96f1b-0a2f-40f9-8d6f-dc2744ba04af.jpg
E:\MedicalData\kagglechallenge\pneumonia_detection_2018\segmentation/Image/594df72e-4237-41a1-8712-73f91c596cb4.jpg,E:\MedicalData\kagglechallenge\pneumonia_detection_2018\segmentation/Mask/594df72e-4237-41a1-8712-73f91c596cb4.jpg
E:\MedicalData\kagglechallenge\pneumonia_detection_2018\segmentation/Image/5b9dbcce-4621-4180-bd1d-805b3ce9d7e0.jpg,E:\MedicalData\kagglechallenge\pneumonia_detection_2018\segmentation/Mask/5b9dbcce-4621-4180-bd1d-805b3ce9d7e0.jpg
E:\MedicalData\kagglechallenge\pneumonia_detection_2018\segmentation/Image/5e79685b-7bcc-49d2-986c-e3d07a319a3a.jpg,E:\MedicalData\kagglechallenge\pneumonia_detection_2018\segmentation/Mask/5e79685b-7bcc-49d2-986c-e3d07a319a3a.jpg
E:\MedicalData\kagglechallenge\pneumonia_detection_2018\segmentation/Image/64dd81eb-6c14-431b-ad5f-520297c62f97.jpg,E:\MedicalData\kagglechallenge\pneumonia_detection_2018\segmentation/Mask/64dd81eb-6c14-431b-ad5f-520297c62f97.jpg
E:\MedicalData\kagglechallenge\pneumonia_detection_2018\segmentation/Image/65a4eba0-f1af-4eea-bb11-03b9957b36f1.jpg,E:\MedicalData\kagglechallenge\pneumonia_detection_2018\segmentation/Mask/65a4eba0-f1af-4eea-bb11-03b9957b36f1.jpg
E:\MedicalData\kagglechallenge\pneumonia_detection_2018\segmentation/Image/66dc3433-430a-4625-ab04-ba239d8af9be.jpg,E:\MedicalData\kagglechallenge\pneumonia_detection_2018\segmentation/Mask/66dc3433-430a-4625-ab04-ba239d8af9be.jpg
E:\MedicalData\kagglechallenge\pneumonia_detection_2018\segmentation/Image/66dd2ba0-b107-4261-8acd-6a6a782f1d5f.jpg,E:\MedicalData\kagglechallenge\pneumonia_detection_2018\segmentation/Mask/66dd2ba0-b107-4261-8acd-6a6a782f1d5f.jpg
E:\MedicalData\kagglechallenge\pneumonia_detection_2018\segmentation/Image/6804008c-94eb-4870-ba6e-b06514073e71.jpg,E:\MedicalData\kagglechallenge\pneumonia_detection_2018\segmentation/Mask/6804008c-94eb-4870-ba6e-b06514073e71.jpg
E:\MedicalData\kagglechallenge\pneumonia_detection_2018\segmentation/Image/6882ecfb-e577-42f1-9cbd-5f6408ae189a.jpg,E:\MedicalData\kagglechallenge\pneumonia_detection_2018\segmentation/Mask/6882ecfb-e577-42f1-9cbd-5f6408ae189a.jpg
E:\MedicalData\kagglechallenge\pneumonia_detection_2018\segmentation/Image/69702abd-0555-4e3c-bb6a-f73a1d47adfd.jpg,E:\MedicalData\kagglechallenge\pneumonia_detection_2018\segmentation/Mask/69702abd-0555-4e3c-bb6a-f73a1d47adfd.jpg
E:\MedicalData\kagglechallenge\pneumonia_detection_2018\segmentation/Image/6db32359-5e81-4f10-b509-5c55e1f27654.jpg,E:\MedicalData\kagglechallenge\pneumonia_detection_2018\segmentation/Mask/6db32359-5e81-4f10-b509-5c55e1f27654.jpg
E:\MedicalData\kagglechallenge\pneumonia_detection_2018\segmentation/Image/711b8e6a-0406-4c61-8c13-3e90fd7ecba1.jpg,E:\MedicalData\kagglechallenge\pneumonia_detection_2018\segmentation/Mask/711b8e6a-0406-4c61-8c13-3e90fd7ecba1.jpg
E:\MedicalData\kagglechallenge\pneumonia_detection_2018\segmentation/Image/727fd52e-3999-4f15-a113-8af93d60e1de.jpg,E:\MedicalData\kagglechallenge\pneumonia_detection_2018\segmentation/Mask/727fd52e-3999-4f15-a113-8af93d60e1de.jpg
E:\MedicalData\kagglechallenge\pneumonia_detection_2018\segmentation/Image/72dc0bc2-8c6a-4214-b06f-862e9e8444bd.jpg,E:\MedicalData\kagglechallenge\pneumonia_detection_2018\segmentation/Mask/72dc0bc2-8c6a-4214-b06f-862e9e8444bd.jpg
E:\MedicalData\kagglechallenge\pneumonia_detection_2018\segmentation/Image/72e35063-f91d-4110-83e0-07daa736fc7b.jpg,E:\MedicalData\kagglechallenge\pneumonia_detection_2018\segmentation/Mask/72e35063-f91d-4110-83e0-07daa736fc7b.jpg
E:\MedicalData\kagglechallenge\pneumonia_detection_2018\segmentation/Image/74457e4b-4059-4ba4-959a-3a8e12b7d5f8.jpg,E:\MedicalData\kagglechallenge\pneumonia_detection_2018\segmentation/Mask/74457e4b-4059-4ba4-959a-3a8e12b7d5f8.jpg
E:\MedicalData\kagglechallenge\pneumonia_detection_2018\segmentation/Image/755233cd-2ad2-4cbc-b927-97243e46135f.jpg,E:\MedicalData\kagglechallenge\pneumonia_detection_2018\segmentation/Mask/755233cd-2ad2-4cbc-b927-97243e46135f.jpg
E:\MedicalData\kagglechallenge\pneumonia_detection_2018\segmentation/Image/77633bed-c31b-466a-946d-6624b97231a8.jpg,E:\MedicalData\kagglechallenge\pneumonia_detection_2018\segmentation/Mask/77633bed-c31b-466a-946d-6624b97231a8.jpg
E:\MedicalData\kagglechallenge\pneumonia_detection_2018\segmentation/Image/77e3cf70-b78a-42fe-bd17-0ed96618d6b4.jpg,E:\MedicalData\kagglechallenge\pneumonia_detection_2018\segmentation/Mask/77e3cf70-b78a-42fe-bd17-0ed96618d6b4.jpg
E:\MedicalData\kagglechallenge\pneumonia_detection_2018\segmentation/Image/78053750-8aa7-4755-a364-037d71a65426.jpg,E:\MedicalData\kagglechallenge\pneumonia_detection_2018\segmentation/Mask/78053750-8aa7-4755-a364-037d71a65426.jpg
E:\MedicalData\kagglechallenge\pneumonia_detection_2018\segmentation/Image/79398af7-b117-4371-b174-9a7644c12e06.jpg,E:\MedicalData\kagglechallenge\pneumonia_detection_2018\segmentation/Mask/79398af7-b117-4371-b174-9a7644c12e06.jpg
E:\MedicalData\kagglechallenge\pneumonia_detection_2018\segmentation/Image/79df0c01-2397-4d31-8318-435a1c80ae47.jpg,E:\MedicalData\kagglechallenge\pneumonia_detection_2018\segmentation/Mask/79df0c01-2397-4d31-8318-435a1c80ae47.jpg
E:\MedicalData\kagglechallenge\pneumonia_detection_2018\segmentation/Image/7e2246e4-8412-4216-af50-7ae8c232f9b9.jpg,E:\MedicalData\kagglechallenge\pneumonia_detection_2018\segmentation/Mask/7e2246e4-8412-4216-af50-7ae8c232f9b9.jpg
E:\MedicalData\kagglechallenge\pneumonia_detection_2018\segmentation/Image/809830cd-c757-4e81-abec-0d6d935ae0ce.jpg,E:\MedicalData\kagglechallenge\pneumonia_detection_2018\segmentation/Mask/809830cd-c757-4e81-abec-0d6d935ae0ce.jpg
E:\MedicalData\kagglechallenge\pneumonia_detection_2018\segmentation/Image/80ff754b-9ce9-4c0c-8155-f64a5752b0a4.jpg,E:\MedicalData\kagglechallenge\pneumonia_detection_2018\segmentation/Mask/80ff754b-9ce9-4c0c-8155-f64a5752b0a4.jpg
E:\MedicalData\kagglechallenge\pneumonia_detection_2018\segmentation/Image/81d9d146-e9bb-478b-aeed-c2431780030e.jpg,E:\MedicalData\kagglechallenge\pneumonia_detection_2018\segmentation/Mask/81d9d146-e9bb-478b-aeed-c2431780030e.jpg
E:\MedicalData\kagglechallenge\pneumonia_detection_2018\segmentation/Image/8489c930-19a8-4895-9211-4efd3d38ae58.jpg,E:\MedicalData\kagglechallenge\pneumonia_detection_2018\segmentation/Mask/8489c930-19a8-4895-9211-4efd3d38ae58.jpg
E:\MedicalData\kagglechallenge\pneumonia_detection_2018\segmentation/Image/8759fcb4-1a14-4724-959d-235060495181.jpg,E:\MedicalData\kagglechallenge\pneumonia_detection_2018\segmentation/Mask/8759fcb4-1a14-4724-959d-235060495181.jpg
E:\MedicalData\kagglechallenge\pneumonia_detection_2018\segmentation/Image/87a3d945-d417-45a8-9f57-08cdb83e4e8b.jpg,E:\MedicalData\kagglechallenge\pneumonia_detection_2018\segmentation/Mask/87a3d945-d417-45a8-9f57-08cdb83e4e8b.jpg
E:\MedicalData\kagglechallenge\pneumonia_detection_2018\segmentation/Image/88483dd4-8590-4da0-b4eb-077ccba7a431.jpg,E:\MedicalData\kagglechallenge\pneumonia_detection_2018\segmentation/Mask/88483dd4-8590-4da0-b4eb-077ccba7a431.jpg
E:\MedicalData\kagglechallenge\pneumonia_detection_2018\segmentation/Image/8a90ffce-3f6e-4d49-8307-0351381be2ee.jpg,E:\MedicalData\kagglechallenge\pneumonia_detection_2018\segmentation/Mask/8a90ffce-3f6e-4d49-8307-0351381be2ee.jpg
E:\MedicalData\kagglechallenge\pneumonia_detection_2018\segmentation/Image/8aaeb451-26b5-4192-9a82-1d7eded2e363.jpg,E:\MedicalData\kagglechallenge\pneumonia_detection_2018\segmentation/Mask/8aaeb451-26b5-4192-9a82-1d7eded2e363.jpg
E:\MedicalData\kagglechallenge\pneumonia_detection_2018\segmentation/Image/8af89b60-74e2-4f60-8764-b954598cddc4.jpg,E:\MedicalData\kagglechallenge\pneumonia_detection_2018\segmentation/Mask/8af89b60-74e2-4f60-8764-b954598cddc4.jpg
E:\MedicalData\kagglechallenge\pneumonia_detection_2018\segmentation/Image/8e09afee-7a2c-4a53-84ed-ed2dad8d02be.jpg,E:\MedicalData\kagglechallenge\pneumonia_detection_2018\segmentation/Mask/8e09afee-7a2c-4a53-84ed-ed2dad8d02be.jpg
E:\MedicalData\kagglechallenge\pneumonia_detection_2018\segmentation/Image/8e4e52f9-8212-4a0a-bafa-85cdf3859e5f.jpg,E:\MedicalData\kagglechallenge\pneumonia_detection_2018\segmentation/Mask/8e4e52f9-8212-4a0a-bafa-85cdf3859e5f.jpg
E:\MedicalData\kagglechallenge\pneumonia_detection_2018\segmentation/Image/8f1ebcac-42fc-458b-9f4d-c678698c3bdc.jpg,E:\MedicalData\kagglechallenge\pneumonia_detection_2018\segmentation/Mask/8f1ebcac-42fc-458b-9f4d-c678698c3bdc.jpg
E:\MedicalData\kagglechallenge\pneumonia_detection_2018\segmentation/Image/9115e87c-7fc1-4d6b-9cdf-436ea13c8c33.jpg,E:\MedicalData\kagglechallenge\pneumonia_detection_2018\segmentation/Mask/9115e87c-7fc1-4d6b-9cdf-436ea13c8c33.jpg
E:\MedicalData\kagglechallenge\pneumonia_detection_2018\segmentation/Image/91211176-bfab-4346-ae4f-e35866564361.jpg,E:\MedicalData\kagglechallenge\pneumonia_detection_2018\segmentation/Mask/91211176-bfab-4346-ae4f-e35866564361.jpg
E:\MedicalData\kagglechallenge\pneumonia_detection_2018\segmentation/Image/91e5caec-93a8-4361-abbe-22fa1bd60c6f.jpg,E:\MedicalData\kagglechallenge\pneumonia_detection_2018\segmentation/Mask/91e5caec-93a8-4361-abbe-22fa1bd60c6f.jpg
E:\MedicalData\kagglechallenge\pneumonia_detection_2018\segmentation/Image/938fb8f0-71d5-4c4b-98d4-0539a59a9ba4.jpg,E:\MedicalData\kagglechallenge\pneumonia_detection_2018\segmentation/Mask/938fb8f0-71d5-4c4b-98d4-0539a59a9ba4.jpg
E:\MedicalData\kagglechallenge\pneumonia_detection_2018\segmentation/Image/93986f45-f0ed-44c0-bbc4-15bfe78ec6da.jpg,E:\MedicalData\kagglechallenge\pneumonia_detection_2018\segmentation/Mask/93986f45-f0ed-44c0-bbc4-15bfe78ec6da.jpg
E:\MedicalData\kagglechallenge\pneumonia_detection_2018\segmentation/Image/9402fbff-b5cd-4372-a203-074a2f7d8bd1.jpg,E:\MedicalData\kagglechallenge\pneumonia_detection_2018\segmentation/Mask/9402fbff-b5cd-4372-a203-074a2f7d8bd1.jpg
E:\MedicalData\kagglechallenge\pneumonia_detection_2018\segmentation/Image/9569c848-ec76-418d-b8f4-6fe8cf77d882.jpg,E:\MedicalData\kagglechallenge\pneumonia_detection_2018\segmentation/Mask/9569c848-ec76-418d-b8f4-6fe8cf77d882.jpg
E:\MedicalData\kagglechallenge\pneumonia_detection_2018\segmentation/Image/9bfbcf53-fe7e-47b3-ae0d-3d4cd48001ee.jpg,E:\MedicalData\kagglechallenge\pneumonia_detection_2018\segmentation/Mask/9bfbcf53-fe7e-47b3-ae0d-3d4cd48001ee.jpg
E:\MedicalData\kagglechallenge\pneumonia_detection_2018\segmentation/Image/9e0e8620-d08b-4704-9782-19b061a5d83b.jpg,E:\MedicalData\kagglechallenge\pneumonia_detection_2018\segmentation/Mask/9e0e8620-d08b-4704-9782-19b061a5d83b.jpg
E:\MedicalData\kagglechallenge\pneumonia_detection_2018\segmentation/Image/a024d155-a276-4395-826b-193fcf6a5b9c.jpg,E:\MedicalData\kagglechallenge\pneumonia_detection_2018\segmentation/Mask/a024d155-a276-4395-826b-193fcf6a5b9c.jpg
E:\MedicalData\kagglechallenge\pneumonia_detection_2018\segmentation/Image/a20def8d-de06-427e-8416-09ae16bbaadc.jpg,E:\MedicalData\kagglechallenge\pneumonia_detection_2018\segmentation/Mask/a20def8d-de06-427e-8416-09ae16bbaadc.jpg
E:\MedicalData\kagglechallenge\pneumonia_detection_2018\segmentation/Image/a4b7d67d-7e52-4b14-9897-4fa498b25d0a.jpg,E:\MedicalData\kagglechallenge\pneumonia_detection_2018\segmentation/Mask/a4b7d67d-7e52-4b14-9897-4fa498b25d0a.jpg
E:\MedicalData\kagglechallenge\pneumonia_detection_2018\segmentation/Image/a6905106-5479-4725-b81f-532376d24222.jpg,E:\MedicalData\kagglechallenge\pneumonia_detection_2018\segmentation/Mask/a6905106-5479-4725-b81f-532376d24222.jpg
E:\MedicalData\kagglechallenge\pneumonia_detection_2018\segmentation/Image/a6c364d2-b2d6-4b0b-a439-40b992ff65c7.jpg,E:\MedicalData\kagglechallenge\pneumonia_detection_2018\segmentation/Mask/a6c364d2-b2d6-4b0b-a439-40b992ff65c7.jpg
E:\MedicalData\kagglechallenge\pneumonia_detection_2018\segmentation/Image/a9023293-e3bb-4516-9769-d3c5b9565e61.jpg,E:\MedicalData\kagglechallenge\pneumonia_detection_2018\segmentation/Mask/a9023293-e3bb-4516-9769-d3c5b9565e61.jpg
E:\MedicalData\kagglechallenge\pneumonia_detection_2018\segmentation/Image/ab2fd39b-2c9a-4fe7-852e-c1019ee3e602.jpg,E:\MedicalData\kagglechallenge\pneumonia_detection_2018\segmentation/Mask/ab2fd39b-2c9a-4fe7-852e-c1019ee3e602.jpg
E:\MedicalData\kagglechallenge\pneumonia_detection_2018\segmentation/Image/abdd57b2-8bbc-409a-853f-885215db8c6c.jpg,E:\MedicalData\kagglechallenge\pneumonia_detection_2018\segmentation/Mask/abdd57b2-8bbc-409a-853f-885215db8c6c.jpg
E:\MedicalData\kagglechallenge\pneumonia_detection_2018\segmentation/Image/ac51aa90-d1ca-4247-911b-09e5b324fa30.jpg,E:\MedicalData\kagglechallenge\pneumonia_detection_2018\segmentation/Mask/ac51aa90-d1ca-4247-911b-09e5b324fa30.jpg
E:\MedicalData\kagglechallenge\pneumonia_detection_2018\segmentation/Image/acea0494-388b-4745-a430-892751494e8c.jpg,E:\MedicalData\kagglechallenge\pneumonia_detection_2018\segmentation/Mask/acea0494-388b-4745-a430-892751494e8c.jpg
E:\MedicalData\kagglechallenge\pneumonia_detection_2018\segmentation/Image/adecfdaa-795c-4d5e-8318-7f02f00b9894.jpg,E:\MedicalData\kagglechallenge\pneumonia_detection_2018\segmentation/Mask/adecfdaa-795c-4d5e-8318-7f02f00b9894.jpg
E:\MedicalData\kagglechallenge\pneumonia_detection_2018\segmentation/Image/ae1faebd-b5e2-4f43-93bb-9f3011e237a8.jpg,E:\MedicalData\kagglechallenge\pneumonia_detection_2018\segmentation/Mask/ae1faebd-b5e2-4f43-93bb-9f3011e237a8.jpg
E:\MedicalData\kagglechallenge\pneumonia_detection_2018\segmentation/Image/aeae6cbc-d713-4760-845c-fcc93ed5ad64.jpg,E:\MedicalData\kagglechallenge\pneumonia_detection_2018\segmentation/Mask/aeae6cbc-d713-4760-845c-fcc93ed5ad64.jpg
E:\MedicalData\kagglechallenge\pneumonia_detection_2018\segmentation/Image/af2a57e7-e519-470c-9dcb-2916e34e986b.jpg,E:\MedicalData\kagglechallenge\pneumonia_detection_2018\segmentation/Mask/af2a57e7-e519-470c-9dcb-2916e34e986b.jpg
E:\MedicalData\kagglechallenge\pneumonia_detection_2018\segmentation/Image/afa95e84-6a86-4203-ad3c-f3adb8aaaa03.jpg,E:\MedicalData\kagglechallenge\pneumonia_detection_2018\segmentation/Mask/afa95e84-6a86-4203-ad3c-f3adb8aaaa03.jpg
E:\MedicalData\kagglechallenge\pneumonia_detection_2018\segmentation/Image/afc7efe2-5df9-4274-8df4-31eefde7b574.jpg,E:\MedicalData\kagglechallenge\pneumonia_detection_2018\segmentation/Mask/afc7efe2-5df9-4274-8df4-31eefde7b574.jpg
E:\MedicalData\kagglechallenge\pneumonia_detection_2018\segmentation/Image/b01c73b4-b417-4f83-8996-6448caa89c0e.jpg,E:\MedicalData\kagglechallenge\pneumonia_detection_2018\segmentation/Mask/b01c73b4-b417-4f83-8996-6448caa89c0e.jpg
E:\MedicalData\kagglechallenge\pneumonia_detection_2018\segmentation/Image/b20f3c7f-0af4-4a22-901a-32584fbeea28.jpg,E:\MedicalData\kagglechallenge\pneumonia_detection_2018\segmentation/Mask/b20f3c7f-0af4-4a22-901a-32584fbeea28.jpg
E:\MedicalData\kagglechallenge\pneumonia_detection_2018\segmentation/Image/b2541f48-1acf-4f33-b604-8665fc1517c8.jpg,E:\MedicalData\kagglechallenge\pneumonia_detection_2018\segmentation/Mask/b2541f48-1acf-4f33-b604-8665fc1517c8.jpg
E:\MedicalData\kagglechallenge\pneumonia_detection_2018\segmentation/Image/b2753475-d0b2-4dde-8a7b-311e1db27397.jpg,E:\MedicalData\kagglechallenge\pneumonia_detection_2018\segmentation/Mask/b2753475-d0b2-4dde-8a7b-311e1db27397.jpg
E:\MedicalData\kagglechallenge\pneumonia_detection_2018\segmentation/Image/b31ed450-b8e6-4339-8283-dbb754a9094e.jpg,E:\MedicalData\kagglechallenge\pneumonia_detection_2018\segmentation/Mask/b31ed450-b8e6-4339-8283-dbb754a9094e.jpg
E:\MedicalData\kagglechallenge\pneumonia_detection_2018\segmentation/Image/b35a3c89-f199-4924-98f0-8d5beea4b41d.jpg,E:\MedicalData\kagglechallenge\pneumonia_detection_2018\segmentation/Mask/b35a3c89-f199-4924-98f0-8d5beea4b41d.jpg
E:\MedicalData\kagglechallenge\pneumonia_detection_2018\segmentation/Image/b3671358-67b4-4e10-93af-c62a561d1546.jpg,E:\MedicalData\kagglechallenge\pneumonia_detection_2018\segmentation/Mask/b3671358-67b4-4e10-93af-c62a561d1546.jpg
E:\MedicalData\kagglechallenge\pneumonia_detection_2018\segmentation/Image/b3dd5571-cf7a-4538-bb22-12ab1d62cc90.jpg,E:\MedicalData\kagglechallenge\pneumonia_detection_2018\segmentation/Mask/b3dd5571-cf7a-4538-bb22-12ab1d62cc90.jpg
E:\MedicalData\kagglechallenge\pneumonia_detection_2018\segmentation/Image/b4147465-8b3a-4200-ba9c-a5eae09eafa9.jpg,E:\MedicalData\kagglechallenge\pneumonia_detection_2018\segmentation/Mask/b4147465-8b3a-4200-ba9c-a5eae09eafa9.jpg
E:\MedicalData\kagglechallenge\pneumonia_detection_2018\segmentation/Image/b5b4468f-e5e2-48a5-aa42-e08547be1172.jpg,E:\MedicalData\kagglechallenge\pneumonia_detection_2018\segmentation/Mask/b5b4468f-e5e2-48a5-aa42-e08547be1172.jpg
E:\MedicalData\kagglechallenge\pneumonia_detection_2018\segmentation/Image/b623e856-e328-4396-a01c-4d6210c2dd53.jpg,E:\MedicalData\kagglechallenge\pneumonia_detection_2018\segmentation/Mask/b623e856-e328-4396-a01c-4d6210c2dd53.jpg
E:\MedicalData\kagglechallenge\pneumonia_detection_2018\segmentation/Image/b63f4c12-5731-41e2-8d89-2ae0c4daba41.jpg,E:\MedicalData\kagglechallenge\pneumonia_detection_2018\segmentation/Mask/b63f4c12-5731-41e2-8d89-2ae0c4daba41.jpg
E:\MedicalData\kagglechallenge\pneumonia_detection_2018\segmentation/Image/b7734503-5808-403e-96d7-5ea55a96a1a3.jpg,E:\MedicalData\kagglechallenge\pneumonia_detection_2018\segmentation/Mask/b7734503-5808-403e-96d7-5ea55a96a1a3.jpg
E:\MedicalData\kagglechallenge\pneumonia_detection_2018\segmentation/Image/b84112a1-ffcd-4897-baa1-652f4e460287.jpg,E:\MedicalData\kagglechallenge\pneumonia_detection_2018\segmentation/Mask/b84112a1-ffcd-4897-baa1-652f4e460287.jpg
E:\MedicalData\kagglechallenge\pneumonia_detection_2018\segmentation/Image/b86479a1-e997-4026-acfc-2d467291eb50.jpg,E:\MedicalData\kagglechallenge\pneumonia_detection_2018\segmentation/Mask/b86479a1-e997-4026-acfc-2d467291eb50.jpg
E:\MedicalData\kagglechallenge\pneumonia_detection_2018\segmentation/Image/b8a633b3-b2fa-4e17-be54-faf0aba4c903.jpg,E:\MedicalData\kagglechallenge\pneumonia_detection_2018\segmentation/Mask/b8a633b3-b2fa-4e17-be54-faf0aba4c903.jpg
E:\MedicalData\kagglechallenge\pneumonia_detection_2018\segmentation/Image/b8d5cabd-d5b5-4ac4-b1d1-f0f80be47619.jpg,E:\MedicalData\kagglechallenge\pneumonia_detection_2018\segmentation/Mask/b8d5cabd-d5b5-4ac4-b1d1-f0f80be47619.jpg
E:\MedicalData\kagglechallenge\pneumonia_detection_2018\segmentation/Image/b9db0f75-18af-49e4-b547-71e0d302c4aa.jpg,E:\MedicalData\kagglechallenge\pneumonia_detection_2018\segmentation/Mask/b9db0f75-18af-49e4-b547-71e0d302c4aa.jpg
E:\MedicalData\kagglechallenge\pneumonia_detection_2018\segmentation/Image/b9ec22f4-f273-486b-a2d4-132352dfdbc4.jpg,E:\MedicalData\kagglechallenge\pneumonia_detection_2018\segmentation/Mask/b9ec22f4-f273-486b-a2d4-132352dfdbc4.jpg
E:\MedicalData\kagglechallenge\pneumonia_detection_2018\segmentation/Image/ba30b9a4-bebd-4196-a972-e7178508b55e.jpg,E:\MedicalData\kagglechallenge\pneumonia_detection_2018\segmentation/Mask/ba30b9a4-bebd-4196-a972-e7178508b55e.jpg
E:\MedicalData\kagglechallenge\pneumonia_detection_2018\segmentation/Image/bab8d182-b9fe-4db9-88b5-042153c4406e.jpg,E:\MedicalData\kagglechallenge\pneumonia_detection_2018\segmentation/Mask/bab8d182-b9fe-4db9-88b5-042153c4406e.jpg
E:\MedicalData\kagglechallenge\pneumonia_detection_2018\segmentation/Image/bb3857ed-9f85-4afc-96ee-c8b6b637490c.jpg,E:\MedicalData\kagglechallenge\pneumonia_detection_2018\segmentation/Mask/bb3857ed-9f85-4afc-96ee-c8b6b637490c.jpg
E:\MedicalData\kagglechallenge\pneumonia_detection_2018\segmentation/Image/bc234c2b-96aa-4263-931b-b7420c235daa.jpg,E:\MedicalData\kagglechallenge\pneumonia_detection_2018\segmentation/Mask/bc234c2b-96aa-4263-931b-b7420c235daa.jpg
E:\MedicalData\kagglechallenge\pneumonia_detection_2018\segmentation/Image/bca65bc9-adf1-402b-96b8-cfe195b7969d.jpg,E:\MedicalData\kagglechallenge\pneumonia_detection_2018\segmentation/Mask/bca65bc9-adf1-402b-96b8-cfe195b7969d.jpg
E:\MedicalData\kagglechallenge\pneumonia_detection_2018\segmentation/Image/bd56f37d-5561-40f9-bd09-1363786eab67.jpg,E:\MedicalData\kagglechallenge\pneumonia_detection_2018\segmentation/Mask/bd56f37d-5561-40f9-bd09-1363786eab67.jpg
E:\MedicalData\kagglechallenge\pneumonia_detection_2018\segmentation/Image/be443cae-043b-448b-b6e7-43477812b9cc.jpg,E:\MedicalData\kagglechallenge\pneumonia_detection_2018\segmentation/Mask/be443cae-043b-448b-b6e7-43477812b9cc.jpg
E:\MedicalData\kagglechallenge\pneumonia_detection_2018\segmentation/Image/bf11da89-d0f0-4c1b-b486-d82bbcb91ed4.jpg,E:\MedicalData\kagglechallenge\pneumonia_detection_2018\segmentation/Mask/bf11da89-d0f0-4c1b-b486-d82bbcb91ed4.jpg
E:\MedicalData\kagglechallenge\pneumonia_detection_2018\segmentation/Image/bf4649af-b05d-4b63-8b6c-dfac44e5750b.jpg,E:\MedicalData\kagglechallenge\pneumonia_detection_2018\segmentation/Mask/bf4649af-b05d-4b63-8b6c-dfac44e5750b.jpg
E:\MedicalData\kagglechallenge\pneumonia_detection_2018\segmentation/Image/c208db34-d893-4a2b-9cf2-45490f5b78a3.jpg,E:\MedicalData\kagglechallenge\pneumonia_detection_2018\segmentation/Mask/c208db34-d893-4a2b-9cf2-45490f5b78a3.jpg
E:\MedicalData\kagglechallenge\pneumonia_detection_2018\segmentation/Image/c6dd0b25-7b0f-499c-9601-13b67f37424a.jpg,E:\MedicalData\kagglechallenge\pneumonia_detection_2018\segmentation/Mask/c6dd0b25-7b0f-499c-9601-13b67f37424a.jpg
E:\MedicalData\kagglechallenge\pneumonia_detection_2018\segmentation/Image/c98faad9-6dd2-45fe-87af-63bbb94eeb77.jpg,E:\MedicalData\kagglechallenge\pneumonia_detection_2018\segmentation/Mask/c98faad9-6dd2-45fe-87af-63bbb94eeb77.jpg
E:\MedicalData\kagglechallenge\pneumonia_detection_2018\segmentation/Image/d20eab1c-69ed-486e-826c-7c0b15dd61b3.jpg,E:\MedicalData\kagglechallenge\pneumonia_detection_2018\segmentation/Mask/d20eab1c-69ed-486e-826c-7c0b15dd61b3.jpg
E:\MedicalData\kagglechallenge\pneumonia_detection_2018\segmentation/Image/d4683e9b-ee14-40e1-a9f9-1eebd8d125ee.jpg,E:\MedicalData\kagglechallenge\pneumonia_detection_2018\segmentation/Mask/d4683e9b-ee14-40e1-a9f9-1eebd8d125ee.jpg
E:\MedicalData\kagglechallenge\pneumonia_detection_2018\segmentation/Image/d4ca6e9e-68f7-4218-810c-a4bba17e37f7.jpg,E:\MedicalData\kagglechallenge\pneumonia_detection_2018\segmentation/Mask/d4ca6e9e-68f7-4218-810c-a4bba17e37f7.jpg
E:\MedicalData\kagglechallenge\pneumonia_detection_2018\segmentation/Image/d4d10646-e095-4cde-9f9a-b0d4b4cf6d5c.jpg,E:\MedicalData\kagglechallenge\pneumonia_detection_2018\segmentation/Mask/d4d10646-e095-4cde-9f9a-b0d4b4cf6d5c.jpg
E:\MedicalData\kagglechallenge\pneumonia_detection_2018\segmentation/Image/d58a922b-97c8-4ee8-ad84-1c4c6c883c86.jpg,E:\MedicalData\kagglechallenge\pneumonia_detection_2018\segmentation/Mask/d58a922b-97c8-4ee8-ad84-1c4c6c883c86.jpg
E:\MedicalData\kagglechallenge\pneumonia_detection_2018\segmentation/Image/d5e1c771-f2f2-4a2a-afbd-4b14b3198500.jpg,E:\MedicalData\kagglechallenge\pneumonia_detection_2018\segmentation/Mask/d5e1c771-f2f2-4a2a-afbd-4b14b3198500.jpg
E:\MedicalData\kagglechallenge\pneumonia_detection_2018\segmentation/Image/d60b0cba-c1bd-4741-86ef-c24760605b03.jpg,E:\MedicalData\kagglechallenge\pneumonia_detection_2018\segmentation/Mask/d60b0cba-c1bd-4741-86ef-c24760605b03.jpg
E:\MedicalData\kagglechallenge\pneumonia_detection_2018\segmentation/Image/d640b82b-9fa6-49ad-9139-d1a0f1f8c7e8.jpg,E:\MedicalData\kagglechallenge\pneumonia_detection_2018\segmentation/Mask/d640b82b-9fa6-49ad-9139-d1a0f1f8c7e8.jpg
E:\MedicalData\kagglechallenge\pneumonia_detection_2018\segmentation/Image/da0d705d-7722-43d1-a880-a34c553f0719.jpg,E:\MedicalData\kagglechallenge\pneumonia_detection_2018\segmentation/Mask/da0d705d-7722-43d1-a880-a34c553f0719.jpg
E:\MedicalData\kagglechallenge\pneumonia_detection_2018\segmentation/Image/dc8826ad-9cdb-424f-9896-ec55bcaaffd6.jpg,E:\MedicalData\kagglechallenge\pneumonia_detection_2018\segmentation/Mask/dc8826ad-9cdb-424f-9896-ec55bcaaffd6.jpg
E:\MedicalData\kagglechallenge\pneumonia_detection_2018\segmentation/Image/dd830a3b-db9e-42bd-8d3a-8d52f40ddbde.jpg,E:\MedicalData\kagglechallenge\pneumonia_detection_2018\segmentation/Mask/dd830a3b-db9e-42bd-8d3a-8d52f40ddbde.jpg
E:\MedicalData\kagglechallenge\pneumonia_detection_2018\segmentation/Image/e06a973d-844c-4799-923a-9ab7215fe5bc.jpg,E:\MedicalData\kagglechallenge\pneumonia_detection_2018\segmentation/Mask/e06a973d-844c-4799-923a-9ab7215fe5bc.jpg
E:\MedicalData\kagglechallenge\pneumonia_detection_2018\segmentation/Image/e1447b7d-98a7-4321-94d4-03b686676da8.jpg,E:\MedicalData\kagglechallenge\pneumonia_detection_2018\segmentation/Mask/e1447b7d-98a7-4321-94d4-03b686676da8.jpg
E:\MedicalData\kagglechallenge\pneumonia_detection_2018\segmentation/Image/e755dc4c-11e7-45ff-b07c-3a297a67f0ec.jpg,E:\MedicalData\kagglechallenge\pneumonia_detection_2018\segmentation/Mask/e755dc4c-11e7-45ff-b07c-3a297a67f0ec.jpg
E:\MedicalData\kagglechallenge\pneumonia_detection_2018\segmentation/Image/e7975e46-ac5c-4225-ba05-6e0b5b1ba917.jpg,E:\MedicalData\kagglechallenge\pneumonia_detection_2018\segmentation/Mask/e7975e46-ac5c-4225-ba05-6e0b5b1ba917.jpg
E:\MedicalData\kagglechallenge\pneumonia_detection_2018\segmentation/Image/e7aa8c67-b801-447d-b24e-18b77746b4e1.jpg,E:\MedicalData\kagglechallenge\pneumonia_detection_2018\segmentation/Mask/e7aa8c67-b801-447d-b24e-18b77746b4e1.jpg
E:\MedicalData\kagglechallenge\pneumonia_detection_2018\segmentation/Image/e8ffe2e2-7ded-4a59-b7cd-399940e5f3f1.jpg,E:\MedicalData\kagglechallenge\pneumonia_detection_2018\segmentation/Mask/e8ffe2e2-7ded-4a59-b7cd-399940e5f3f1.jpg
E:\MedicalData\kagglechallenge\pneumonia_detection_2018\segmentation/Image/e94d8646-1703-44db-9062-c9b305e238f0.jpg,E:\MedicalData\kagglechallenge\pneumonia_detection_2018\segmentation/Mask/e94d8646-1703-44db-9062-c9b305e238f0.jpg
E:\MedicalData\kagglechallenge\pneumonia_detection_2018\segmentation/Image/ea3d1dcb-9222-4e66-b7e6-a45e78bd339e.jpg,E:\MedicalData\kagglechallenge\pneumonia_detection_2018\segmentation/Mask/ea3d1dcb-9222-4e66-b7e6-a45e78bd339e.jpg
E:\MedicalData\kagglechallenge\pneumonia_detection_2018\segmentation/Image/eb408099-a39c-4562-918a-c21c1afc1d82.jpg,E:\MedicalData\kagglechallenge\pneumonia_detection_2018\segmentation/Mask/eb408099-a39c-4562-918a-c21c1afc1d82.jpg
E:\MedicalData\kagglechallenge\pneumonia_detection_2018\segmentation/Image/ec3cfcee-58f2-442f-a272-59390100cbba.jpg,E:\MedicalData\kagglechallenge\pneumonia_detection_2018\segmentation/Mask/ec3cfcee-58f2-442f-a272-59390100cbba.jpg
E:\MedicalData\kagglechallenge\pneumonia_detection_2018\segmentation/Image/ecb5a45c-314e-478f-946f-ac620738c00b.jpg,E:\MedicalData\kagglechallenge\pneumonia_detection_2018\segmentation/Mask/ecb5a45c-314e-478f-946f-ac620738c00b.jpg
E:\MedicalData\kagglechallenge\pneumonia_detection_2018\segmentation/Image/ef7cd600-75c9-4b07-bb0e-f66e857fdafa.jpg,E:\MedicalData\kagglechallenge\pneumonia_detection_2018\segmentation/Mask/ef7cd600-75c9-4b07-bb0e-f66e857fdafa.jpg
E:\MedicalData\kagglechallenge\pneumonia_detection_2018\segmentation/Image/f058ba1f-6cf1-4127-9372-d93a5459a339.jpg,E:\MedicalData\kagglechallenge\pneumonia_detection_2018\segmentation/Mask/f058ba1f-6cf1-4127-9372-d93a5459a339.jpg
E:\MedicalData\kagglechallenge\pneumonia_detection_2018\segmentation/Image/f12565af-43de-4bc9-9dba-a8a3e9c8331e.jpg,E:\MedicalData\kagglechallenge\pneumonia_detection_2018\segmentation/Mask/f12565af-43de-4bc9-9dba-a8a3e9c8331e.jpg
E:\MedicalData\kagglechallenge\pneumonia_detection_2018\segmentation/Image/f16b2e43-66e6-4e8d-9879-63e5f0e36b48.jpg,E:\MedicalData\kagglechallenge\pneumonia_detection_2018\segmentation/Mask/f16b2e43-66e6-4e8d-9879-63e5f0e36b48.jpg
E:\MedicalData\kagglechallenge\pneumonia_detection_2018\segmentation/Image/f23bbee6-567d-4ef8-8b29-2ecb12a45be1.jpg,E:\MedicalData\kagglechallenge\pneumonia_detection_2018\segmentation/Mask/f23bbee6-567d-4ef8-8b29-2ecb12a45be1.jpg
E:\MedicalData\kagglechallenge\pneumonia_detection_2018\segmentation/Image/f3a72d62-fce7-4654-92a1-9cf26353d156.jpg,E:\MedicalData\kagglechallenge\pneumonia_detection_2018\segmentation/Mask/f3a72d62-fce7-4654-92a1-9cf26353d156.jpg
E:\MedicalData\kagglechallenge\pneumonia_detection_2018\segmentation/Image/f4c7d67e-1025-46e0-bba5-cee068b8bd6c.jpg,E:\MedicalData\kagglechallenge\pneumonia_detection_2018\segmentation/Mask/f4c7d67e-1025-46e0-bba5-cee068b8bd6c.jpg
E:\MedicalData\kagglechallenge\pneumonia_detection_2018\segmentation/Image/f7793f41-fe23-4e09-8bef-6394b56bed37.jpg,E:\MedicalData\kagglechallenge\pneumonia_detection_2018\segmentation/Mask/f7793f41-fe23-4e09-8bef-6394b56bed37.jpg
E:\MedicalData\kagglechallenge\pneumonia_detection_2018\segmentation/Image/f9c99896-bcb6-45b4-9128-528f695e3628.jpg,E:\MedicalData\kagglechallenge\pneumonia_detection_2018\segmentation/Mask/f9c99896-bcb6-45b4-9128-528f695e3628.jpg
E:\MedicalData\kagglechallenge\pneumonia_detection_2018\segmentation/Image/fad80315-158c-4399-b3b2-bee20c35863d.jpg,E:\MedicalData\kagglechallenge\pneumonia_detection_2018\segmentation/Mask/fad80315-158c-4399-b3b2-bee20c35863d.jpg
E:\MedicalData\kagglechallenge\pneumonia_detection_2018\segmentation/Image/fd45f813-2237-4639-b340-2e1b97737da6.jpg,E:\MedicalData\kagglechallenge\pneumonia_detection_2018\segmentation/Mask/fd45f813-2237-4639-b340-2e1b97737da6.jpg
